Gender,Age,City,Name,ID_Code
Male,38,City_7,Name_0,1
Female,53,City_0,Name_1,2
Male,44,City_0,Name_2,3
Male,29,City_6,Name_3,4
Male,26,City_7,Name_4,5
Female,39,City_2,Name_5,6
Male,21,City_4,Name_6,7
Male,53,City_0,Name_7,8
Male,46,City_6,Name_8,9
Female,30,City_4,Name_9,10
Male,17,City_7,Name_10,11
Male,48,City_7,Name_11,12
Male,33,City_8,Name_12,13
Male,47,City_6,Name_13,14
Female,19,City_0,Name_14,15
Male,29,City_2,Name_15,16
Female,35,City_7,Name_16,17
Female,35,City_2,Name_17,18
Female,30,City_7,Name_18,19
Male,41,City_0,Name_19,20
Female,24,City_4,Name_20,21
Male,33,City_3,Name_21,22
Female,36,City_4,Name_22,23
Female,40,City_7,Name_23,24
Female,42,City_9,Name_24,25
Female,23,City_3,Name_25,26
Female,19,City_3,Name_26,27
Female,47,City_2,Name_27,28
Female,38,City_6,Name_28,29
Female,27,City_2,Name_29,30
Male,50,City_2,Name_30,31
Male,36,City_9,Name_31,32
Female,46,City_4,Name_32,33
Female,35,City_4,Name_33,34
Female,55,City_5,Name_34,35
Male,52,City_7,Name_35,36
Female,32,City_9,Name_36,37
Male,44,City_5,Name_37,38
Male,41,City_0,Name_38,39
Male,48,City_7,Name_39,40
Male,25,City_7,Name_40,41
Male,41,City_8,Name_41,42
Female,45,City_8,Name_42,43
Female,17,City_1,Name_43,44
Female,23,City_1,Name_44,45
Female,14,City_2,Name_45,46
Female,32,City_0,Name_46,47
Male,42,City_3,Name_47,48
Female,50,City_3,Name_48,49
Female,35,City_8,Name_49,50
Male,51,City_8,Name_50,51
Female,21,City_8,Name_51,52
Male,17,City_9,Name_52,53
Female,34,City_6,Name_53,54
Male,38,City_1,Name_54,55
Female,34,City_9,Name_55,56
Female,14,City_4,Name_56,57
Male,34,City_3,Name_57,58
Male,21,City_7,Name_58,59
Male,41,City_1,Name_59,60
Male,38,City_5,Name_60,61
Male,25,City_4,Name_61,62
Male,29,City_1,Name_62,63
Male,24,City_9,Name_63,64
Male,34,City_0,Name_64,65
Female,44,City_7,Name_65,66
Female,25,City_1,Name_66,67
Male,40,City_6,Name_67,68
Female,29,City_8,Name_68,69
Female,27,City_8,Name_69,70
Female,33,City_7,Name_70,71
Female,24,City_9,Name_71,72
Male,29,City_8,Name_72,73
Female,23,City_1,Name_73,74
Male,54,City_5,Name_74,75
Female,35,City_3,Name_75,76
Female,28,City_3,Name_76,77
Female,37,City_4,Name_77,78
Male,33,City_2,Name_78,79
Female,32,City_0,Name_79,80
Male,41,City_7,Name_80,81
Female,42,City_4,Name_81,82
Male,29,City_2,Name_82,83
Female,29,City_9,Name_83,84
Male,32,City_6,Name_84,85
Male,11,City_6,Name_85,86
Female,19,City_0,Name_86,87
Male,48,City_8,Name_87,88
Female,51,City_1,Name_88,89
Female,32,City_4,Name_89,90
Female,40,City_4,Name_90,91
Female,38,City_7,Name_91,92
Female,65,City_7,Name_92,93
Female,46,City_6,Name_93,94
Female,33,City_6,Name_94,95
Female,25,City_5,Name_95,96
Female,18,City_5,Name_96,97
Female,37,City_8,Name_97,98
Female,27,City_5,Name_98,99
Male,20,City_1,Name_99,100
Male,28,City_1,Name_100,101
Female,24,City_4,Name_101,102
Female,51,City_3,Name_102,103
Female,43,City_1,Name_103,104
Female,34,City_2,Name_104,105
Female,49,City_6,Name_105,106
Female,35,City_7,Name_106,107
Female,26,City_5,Name_107,108
Female,50,City_4,Name_108,109
Male,40,City_0,Name_109,110
Female,24,City_7,Name_110,111
Male,33,City_2,Name_111,112
Female,26,City_5,Name_112,113
Female,21,City_2,Name_113,114
Male,44,City_6,Name_114,115
Female,54,City_6,Name_115,116
Male,21,City_8,Name_116,117
Female,40,City_4,Name_117,118
Female,28,City_7,Name_118,119
Male,30,City_9,Name_119,120
Female,29,City_9,Name_120,121
Male,26,City_7,Name_121,122
Female,35,City_0,Name_122,123
Male,26,City_4,Name_123,124
Male,37,City_2,Name_124,125
Female,34,City_0,Name_125,126
Female,32,City_3,Name_126,127
Male,25,City_7,Name_127,128
Female,29,City_2,Name_128,129
Female,42,City_9,Name_129,130
Female,40,City_1,Name_130,131
Male,25,City_8,Name_131,132
Male,35,City_9,Name_132,133
Male,42,City_4,Name_133,134
Male,18,City_6,Name_134,135
Male,40,City_1,Name_135,136
Male,28,City_8,Name_136,137
Male,40,City_8,Name_137,138
Male,27,City_3,Name_138,139
Male,16,City_3,Name_139,140
Female,18,City_5,Name_140,141
Male,35,City_9,Name_141,142
Female,37,City_9,Name_142,143
Female,25,City_9,Name_143,144
Female,41,City_5,Name_144,145
Male,18,City_0,Name_145,146
Male,34,City_8,Name_146,147
Male,22,City_1,Name_147,148
Male,28,City_4,Name_148,149
Female,35,City_8,Name_149,150
Male,26,City_3,Name_150,151
Male,31,City_2,Name_151,152
Male,45,City_6,Name_152,153
Male,29,City_5,Name_153,154
Male,43,City_7,Name_154,155
Female,23,City_2,Name_155,156
Male,40,City_4,Name_156,157
Female,49,City_9,Name_157,158
Male,10,City_3,Name_158,159
Female,27,City_3,Name_159,160
Male,40,City_3,Name_160,161
Male,32,City_9,Name_161,162
Female,38,City_7,Name_162,163
Female,28,City_5,Name_163,164
Female,35,City_2,Name_164,165
Male,33,City_9,Name_165,166
Female,46,City_4,Name_166,167
Male,37,City_5,Name_167,168
Male,38,City_4,Name_168,169
Female,30,City_5,Name_169,170
Female,30,City_7,Name_170,171
Male,30,City_6,Name_171,172
Male,38,City_4,Name_172,173
Female,30,City_9,Name_173,174
Female,37,City_5,Name_174,175
Female,55,City_3,Name_175,176
Male,43,City_8,Name_176,177
Male,31,City_3,Name_177,178
Male,47,City_0,Name_178,179
Male,30,City_6,Name_179,180
Male,14,City_6,Name_180,181
Male,24,City_3,Name_181,182
Female,16,City_2,Name_182,183
Male,31,City_7,Name_183,184
Male,35,City_4,Name_184,185
Male,51,City_9,Name_185,186
Female,38,City_6,Name_186,187
Male,32,City_3,Name_187,188
Male,43,City_3,Name_188,189
Female,12,City_7,Name_189,190
Male,37,City_7,Name_190,191
Male,42,City_1,Name_191,192
Male,20,City_1,Name_192,193
Male,46,City_2,Name_193,194
Male,38,City_2,Name_194,195
Female,30,City_0,Name_195,196
Female,41,City_2,Name_196,197
Female,57,City_5,Name_197,198
Male,36,City_7,Name_198,199
Male,37,City_9,Name_199,200
Male,30,City_5,Name_200,201
Female,26,City_4,Name_201,202
Male,43,City_3,Name_202,203
Male,26,City_2,Name_203,204
Female,35,City_3,Name_204,205
Male,30,City_6,Name_205,206
Female,39,City_0,Name_206,207
Female,38,City_6,Name_207,208
Female,45,City_0,Name_208,209
Male,29,City_1,Name_209,210
Male,32,City_3,Name_210,211
Male,25,City_0,Name_211,212
Male,30,City_8,Name_212,213
Male,38,City_5,Name_213,214
Male,42,City_0,Name_214,215
Male,25,City_0,Name_215,216
Female,43,City_5,Name_216,217
Male,48,City_3,Name_217,218
Female,39,City_3,Name_218,219
Male,53,City_5,Name_219,220
Male,27,City_6,Name_220,221
Male,22,City_8,Name_221,222
Female,17,City_9,Name_222,223
Female,49,City_4,Name_223,224
Female,41,City_8,Name_224,225
Female,34,City_3,Name_225,226
Male,37,City_9,Name_226,227
Female,23,City_1,Name_227,228
Male,59,City_2,Name_228,229
Male,36,City_0,Name_229,230
Female,36,City_5,Name_230,231
Female,42,City_5,Name_231,232
Female,39,City_0,Name_232,233
Female,37,City_2,Name_233,234
Female,27,City_4,Name_234,235
Female,39,City_2,Name_235,236
Female,53,City_9,Name_236,237
Female,48,City_2,Name_237,238
Male,50,City_9,Name_238,239
Female,29,City_2,Name_239,240
Female,25,City_4,Name_240,241
Male,33,City_4,Name_241,242
Female,35,City_3,Name_242,243
Male,45,City_0,Name_243,244
Male,18,City_4,Name_244,245
Female,50,City_9,Name_245,246
Male,33,City_4,Name_246,247
Male,30,City_3,Name_247,248
Male,24,City_5,Name_248,249
Male,18,City_9,Name_249,250
Female,43,City_3,Name_250,251
Male,35,City_6,Name_251,252
Female,22,City_6,Name_252,253
Male,22,City_1,Name_253,254
Male,31,City_2,Name_254,255
Male,51,City_0,Name_255,256
Male,32,City_7,Name_256,257
Female,19,City_8,Name_257,258
Female,32,City_3,Name_258,259
Male,32,City_5,Name_259,260
Male,8,City_8,Name_260,261
Female,34,City_5,Name_261,262
Male,32,City_8,Name_262,263
Male,41,City_3,Name_263,264
Male,53,City_7,Name_264,265
Female,46,City_8,Name_265,266
Female,32,City_3,Name_266,267
Female,23,City_4,Name_267,268
Male,60,City_7,Name_268,269
Male,35,City_9,Name_269,270
Female,35,City_5,Name_270,271
Female,34,City_6,Name_271,272
Female,36,City_2,Name_272,273
Female,33,City_6,Name_273,274
Male,29,City_7,Name_274,275
Female,29,City_9,Name_275,276
Male,34,City_5,Name_276,277
Female,29,City_9,Name_277,278
Male,27,City_8,Name_278,279
Female,36,City_5,Name_279,280
Female,32,City_8,Name_280,281
Female,50,City_3,Name_281,282
Female,8,City_7,Name_282,283
Male,45,City_3,Name_283,284
Female,47,City_1,Name_284,285
Male,14,City_9,Name_285,286
Male,31,City_8,Name_286,287
Male,31,City_4,Name_287,288
Male,20,City_3,Name_288,289
Female,27,City_1,Name_289,290
Male,23,City_0,Name_290,291
Male,52,City_6,Name_291,292
Male,44,City_5,Name_292,293
Female,47,City_1,Name_293,294
Female,42,City_7,Name_294,295
Female,23,City_3,Name_295,296
Female,29,City_7,Name_296,297
Male,39,City_6,Name_297,298
Male,22,City_4,Name_298,299
Female,42,City_9,Name_299,300
Male,32,City_9,Name_300,301
Male,31,City_7,Name_301,302
Male,42,City_8,Name_302,303
Female,39,City_4,Name_303,304
Female,31,City_9,Name_304,305
Male,46,City_4,Name_305,306
Female,24,City_1,Name_306,307
Female,41,City_4,Name_307,308
Female,40,City_2,Name_308,309
Female,31,City_6,Name_309,310
Female,38,City_9,Name_310,311
Male,22,City_4,Name_311,312
Female,44,City_7,Name_312,313
Male,33,City_0,Name_313,314
Male,29,City_2,Name_314,315
Female,45,City_2,Name_315,316
Male,27,City_8,Name_316,317
Male,20,City_4,Name_317,318
Male,19,City_8,Name_318,319
Female,41,City_8,Name_319,320
Female,22,City_0,Name_320,321
Male,52,City_1,Name_321,322
Female,14,City_4,Name_322,323
Female,51,City_3,Name_323,324
Female,37,City_9,Name_324,325
Female,34,City_8,Name_325,326
Male,29,City_6,Name_326,327
Male,38,City_5,Name_327,328
Female,34,City_6,Name_328,329
Female,46,City_0,Name_329,330
Male,36,City_0,Name_330,331
Male,36,City_7,Name_331,332
Female,31,City_1,Name_332,333
Male,34,City_9,Name_333,334
Female,38,City_8,Name_334,335
Female,17,City_6,Name_335,336
Male,21,City_5,Name_336,337
Male,42,City_0,Name_337,338
Female,36,City_0,Name_338,339
Female,33,City_1,Name_339,340
Male,35,City_5,Name_340,341
Female,38,City_5,Name_341,342
Male,29,City_1,Name_342,343
Female,27,City_0,Name_343,344
Male,36,City_9,Name_344,345
Male,25,City_4,Name_345,346
Male,39,City_4,Name_346,347
Female,17,City_1,Name_347,348
Female,45,City_5,Name_348,349
Male,39,City_8,Name_349,350
Female,37,City_1,Name_350,351
Male,44,City_9,Name_351,352
Male,51,City_1,Name_352,353
Female,45,City_2,Name_353,354
Female,16,City_6,Name_354,355
Male,22,City_5,Name_355,356
Female,28,City_7,Name_356,357
Female,35,City_7,Name_357,358
Male,40,City_5,Name_358,359
Male,27,City_9,Name_359,360
Female,36,City_2,Name_360,361
Male,27,City_2,Name_361,362
Male,28,City_0,Name_362,363
Female,20,City_6,Name_363,364
Male,25,City_4,Name_364,365
Male,21,City_3,Name_365,366
Female,25,City_9,Name_366,367
Female,45,City_3,Name_367,368
Male,25,City_3,Name_368,369
Male,61,City_5,Name_369,370
Female,39,City_7,Name_370,371
Female,36,City_7,Name_371,372
Female,26,City_4,Name_372,373
Female,42,City_5,Name_373,374
Male,29,City_3,Name_374,375
Female,36,City_8,Name_375,376
Female,60,City_7,Name_376,377
Male,34,City_9,Name_377,378
Female,46,City_9,Name_378,379
Male,27,City_0,Name_379,380
Female,34,City_1,Name_380,381
Female,52,City_8,Name_381,382
Female,28,City_7,Name_382,383
Male,53,City_2,Name_383,384
Male,42,City_7,Name_384,385
Female,29,City_0,Name_385,386
Male,41,City_9,Name_386,387
Male,44,City_3,Name_387,388
Male,41,City_2,Name_388,389
Male,19,City_5,Name_389,390
Male,27,City_6,Name_390,391
Male,32,City_3,Name_391,392
Female,34,City_6,Name_392,393
Female,41,City_8,Name_393,394
Male,36,City_1,Name_394,395
Female,21,City_2,Name_395,396
Female,38,City_4,Name_396,397
Female,41,City_2,Name_397,398
Female,40,City_7,Name_398,399
Male,45,City_9,Name_399,400
Female,43,City_7,Name_400,401
Female,39,City_7,Name_401,402
Male,34,City_8,Name_402,403
Male,18,City_3,Name_403,404
Female,39,City_4,Name_404,405
Female,37,City_4,Name_405,406
Female,37,City_7,Name_406,407
Female,22,City_6,Name_407,408
Female,24,City_8,Name_408,409
Female,45,City_7,Name_409,410
Male,34,City_1,Name_410,411
Female,41,City_9,Name_411,412
Female,35,City_3,Name_412,413
Male,35,City_5,Name_413,414
Male,44,City_1,Name_414,415
Male,29,City_6,Name_415,416
Male,35,City_2,Name_416,417
Female,30,City_2,Name_417,418
Female,30,City_1,Name_418,419
Female,31,City_7,Name_419,420
Female,37,City_5,Name_420,421
Female,30,City_0,Name_421,422
Female,47,City_0,Name_422,423
Male,26,City_6,Name_423,424
Female,33,City_7,Name_424,425
Male,30,City_4,Name_425,426
Male,49,City_4,Name_426,427
Female,36,City_3,Name_427,428
Male,45,City_5,Name_428,429
Female,20,City_5,Name_429,430
Male,37,City_2,Name_430,431
Female,43,City_8,Name_431,432
Male,35,City_6,Name_432,433
Female,45,City_0,Name_433,434
Female,29,City_6,Name_434,435
Female,49,City_4,Name_435,436
Female,57,City_4,Name_436,437
Female,31,City_1,Name_437,438
Male,30,City_3,Name_438,439
Male,49,City_5,Name_439,440
Male,50,City_9,Name_440,441
Female,29,City_6,Name_441,442
Male,30,City_4,Name_442,443
Female,32,City_8,Name_443,444
Female,21,City_2,Name_444,445
Male,25,City_0,Name_445,446
Male,24,City_3,Name_446,447
Female,27,City_8,Name_447,448
Male,34,City_3,Name_448,449
Female,37,City_1,Name_449,450
Female,50,City_9,Name_450,451
Female,25,City_4,Name_451,452
Female,44,City_2,Name_452,453
Female,32,City_8,Name_453,454
Male,34,City_3,Name_454,455
Male,41,City_5,Name_455,456
Female,23,City_1,Name_456,457
Female,38,City_5,Name_457,458
Male,36,City_2,Name_458,459
Male,39,City_8,Name_459,460
Female,37,City_1,Name_460,461
Male,59,City_8,Name_461,462
Female,28,City_4,Name_462,463
Male,29,City_7,Name_463,464
Female,28,City_1,Name_464,465
Male,29,City_5,Name_465,466
Female,28,City_2,Name_466,467
Male,46,City_9,Name_467,468
Male,49,City_4,Name_468,469
Female,29,City_7,Name_469,470
Male,26,City_9,Name_470,471
Female,39,City_0,Name_471,472
Male,29,City_4,Name_472,473
Female,41,City_2,Name_473,474
Male,37,City_3,Name_474,475
Female,19,City_1,Name_475,476
Male,50,City_8,Name_476,477
Female,52,City_2,Name_477,478
Male,28,City_1,Name_478,479
Female,31,City_9,Name_479,480
Female,37,City_8,Name_480,481
Female,38,City_6,Name_481,482
Male,41,City_5,Name_482,483
Female,55,City_0,Name_483,484
Male,33,City_4,Name_484,485
Female,27,City_2,Name_485,486
Male,21,City_0,Name_486,487
Female,27,City_3,Name_487,488
Male,34,City_1,Name_488,489
Male,52,City_1,Name_489,490
Female,29,City_2,Name_490,491
Male,37,City_7,Name_491,492
Male,34,City_7,Name_492,493
Female,46,City_6,Name_493,494
Male,60,City_5,Name_494,495
Male,29,City_8,Name_495,496
Male,30,City_3,Name_496,497
Female,45,City_0,Name_497,498
Male,41,City_7,Name_498,499
Female,53,City_6,Name_499,500
Male,40,City_6,Name_500,501
Male,31,City_2,Name_501,502
Male,40,City_3,Name_502,503
Female,46,City_9,Name_503,504
Male,43,City_8,Name_504,505
Male,40,City_5,Name_505,506
Female,45,City_4,Name_506,507
Male,46,City_2,Name_507,508
Female,48,City_8,Name_508,509
Female,41,City_4,Name_509,510
Male,33,City_4,Name_510,511
Female,36,City_3,Name_511,512
Male,47,City_3,Name_512,513
Female,26,City_0,Name_513,514
Female,38,City_6,Name_514,515
Male,31,City_8,Name_515,516
Female,35,City_2,Name_516,517
Female,47,City_1,Name_517,518
Female,36,City_2,Name_518,519
Female,35,City_0,Name_519,520
Female,21,City_5,Name_520,521
Male,42,City_6,Name_521,522
Female,41,City_1,Name_522,523
Male,56,City_7,Name_523,524
Female,31,City_5,Name_524,525
Male,37,City_3,Name_525,526
Male,37,City_4,Name_526,527
Female,50,City_7,Name_527,528
Female,34,City_2,Name_528,529
Female,37,City_2,Name_529,530
Male,41,City_3,Name_530,531
Female,36,City_0,Name_531,532
Male,30,City_8,Name_532,533
Male,36,City_7,Name_533,534
Male,45,City_7,Name_534,535
Female,24,City_9,Name_535,536
Female,36,City_5,Name_536,537
Male,27,City_6,Name_537,538
Male,46,City_5,Name_538,539
Female,19,City_8,Name_539,540
Male,29,City_2,Name_540,541
Female,38,City_2,Name_541,542
Male,50,City_2,Name_542,543
Female,34,City_9,Name_543,544
Male,29,City_2,Name_544,545
Female,53,City_8,Name_545,546
Male,20,City_3,Name_546,547
Female,13,City_6,Name_547,548
Female,39,City_8,Name_548,549
Male,29,City_6,Name_549,550
Male,24,City_8,Name_550,551
Female,42,City_2,Name_551,552
Male,37,City_3,Name_552,553
Female,29,City_7,Name_553,554
Male,22,City_5,Name_554,555
Female,43,City_4,Name_555,556
Female,41,City_3,Name_556,557
Female,34,City_7,Name_557,558
Female,53,City_0,Name_558,559
Female,24,City_8,Name_559,560
Female,19,City_0,Name_560,561
Male,28,City_7,Name_561,562
Male,34,City_3,Name_562,563
Male,37,City_8,Name_563,564
Female,32,City_4,Name_564,565
Female,38,City_2,Name_565,566
Female,22,City_8,Name_566,567
Female,49,City_8,Name_567,568
Male,34,City_3,Name_568,569
Male,46,City_3,Name_569,570
Female,38,City_7,Name_570,571
Male,39,City_1,Name_571,572
Male,40,City_8,Name_572,573
Female,39,City_5,Name_573,574
Male,41,City_8,Name_574,575
Female,48,City_7,Name_575,576
Male,36,City_6,Name_576,577
Female,42,City_0,Name_577,578
Female,34,City_2,Name_578,579
Female,49,City_1,Name_579,580
Female,28,City_4,Name_580,581
Male,53,City_4,Name_581,582
Female,34,City_4,Name_582,583
Female,20,City_3,Name_583,584
Female,36,City_4,Name_584,585
Male,28,City_2,Name_585,586
Female,43,City_0,Name_586,587
Male,28,City_4,Name_587,588
Female,30,City_8,Name_588,589
Male,16,City_8,Name_589,590
Male,30,City_3,Name_590,591
Female,10,City_2,Name_591,592
Male,19,City_0,Name_592,593
Female,42,City_1,Name_593,594
Female,42,City_7,Name_594,595
Female,39,City_0,Name_595,596
Male,25,City_7,Name_596,597
Male,34,City_6,Name_597,598
Female,34,City_7,Name_598,599
Female,23,City_5,Name_599,600
Male,50,City_8,Name_600,601
Female,43,City_2,Name_601,602
Female,32,City_9,Name_602,603
Female,35,City_3,Name_603,604
Male,37,City_5,Name_604,605
Male,14,City_7,Name_605,606
Male,32,City_4,Name_606,607
Female,28,City_2,Name_607,608
Female,24,City_5,Name_608,609
Female,32,City_3,Name_609,610
Male,52,City_8,Name_610,611
Female,41,City_2,Name_611,612
Female,29,City_3,Name_612,613
Female,40,City_6,Name_613,614
Female,48,City_6,Name_614,615
Male,44,City_3,Name_615,616
Male,35,City_5,Name_616,617
Female,28,City_2,Name_617,618
Male,41,City_5,Name_618,619
Male,38,City_1,Name_619,620
Female,43,City_7,Name_620,621
Female,41,City_1,Name_621,622
Male,45,City_6,Name_622,623
Female,29,City_8,Name_623,624
Male,48,City_0,Name_624,625
Female,36,City_7,Name_625,626
Male,55,City_6,Name_626,627
Female,28,City_5,Name_627,628
Male,52,City_5,Name_628,629
Male,36,City_5,Name_629,630
Male,28,City_8,Name_630,631
Female,30,City_1,Name_631,632
Male,31,City_0,Name_632,633
Male,39,City_5,Name_633,634
Female,40,City_9,Name_634,635
Female,29,City_7,Name_635,636
Male,34,City_2,Name_636,637
Male,56,City_9,Name_637,638
Female,52,City_0,Name_638,639
Female,39,City_8,Name_639,640
Female,35,City_0,Name_640,641
Female,36,City_2,Name_641,642
Female,41,City_7,Name_642,643
Male,24,City_2,Name_643,644
Female,32,City_3,Name_644,645
Male,18,City_7,Name_645,646
Male,38,City_0,Name_646,647
Male,41,City_5,Name_647,648
Female,30,City_0,Name_648,649
Male,50,City_0,Name_649,650
Male,22,City_7,Name_650,651
Female,20,City_3,Name_651,652
Male,37,City_0,Name_652,653
Male,45,City_9,Name_653,654
Female,51,City_6,Name_654,655
Male,30,City_4,Name_655,656
Male,45,City_4,Name_656,657
Male,34,City_0,Name_657,658
Female,33,City_9,Name_658,659
Female,43,City_5,Name_659,660
Female,41,City_8,Name_660,661
Male,19,City_8,Name_661,662
Male,49,City_7,Name_662,663
Female,48,City_4,Name_663,664
Male,28,City_0,Name_664,665
Male,38,City_8,Name_665,666
Female,39,City_0,Name_666,667
Female,37,City_7,Name_667,668
Male,29,City_4,Name_668,669
Male,28,City_2,Name_669,670
Male,34,City_6,Name_670,671
Female,46,City_6,Name_671,672
Female,40,City_8,Name_672,673
Female,31,City_6,Name_673,674
Female,42,City_2,Name_674,675
Male,6,City_0,Name_675,676
Female,46,City_7,Name_676,677
Female,17,City_2,Name_677,678
Female,31,City_7,Name_678,679
Female,23,City_7,Name_679,680
Female,22,City_4,Name_680,681
Male,46,City_0,Name_681,682
Male,30,City_9,Name_682,683
Female,38,City_6,Name_683,684
Male,34,City_9,Name_684,685
Female,39,City_4,Name_685,686
Female,35,City_7,Name_686,687
Male,22,City_8,Name_687,688
Male,44,City_6,Name_688,689
Female,30,City_6,Name_689,690
Female,19,City_0,Name_690,691
Female,30,City_3,Name_691,692
Male,50,City_1,Name_692,693
Female,43,City_1,Name_693,694
Female,31,City_1,Name_694,695
Female,31,City_3,Name_695,696
Male,31,City_0,Name_696,697
Female,55,City_3,Name_697,698
Female,38,City_1,Name_698,699
Male,39,City_4,Name_699,700
Female,45,City_2,Name_700,701
Female,37,City_7,Name_701,702
Male,32,City_3,Name_702,703
Female,33,City_0,Name_703,704
Male,34,City_0,Name_704,705
Male,34,City_9,Name_705,706
Female,42,City_2,Name_706,707
Female,35,City_8,Name_707,708
Female,42,City_6,Name_708,709
Female,34,City_1,Name_709,710
Male,35,City_8,Name_710,711
Female,15,City_9,Name_711,712
Male,44,City_1,Name_712,713
Female,38,City_2,Name_713,714
Female,44,City_9,Name_714,715
Female,6,City_1,Name_715,716
Male,55,City_2,Name_716,717
Female,33,City_5,Name_717,718
Female,46,City_8,Name_718,719
Female,24,City_8,Name_719,720
Female,41,City_6,Name_720,721
Male,24,City_2,Name_721,722
Female,28,City_3,Name_722,723
Male,54,City_5,Name_723,724
Male,33,City_4,Name_724,725
Male,37,City_1,Name_725,726
Male,43,City_5,Name_726,727
Male,39,City_2,Name_727,728
Male,36,City_7,Name_728,729
Female,38,City_1,Name_729,730
Male,59,City_0,Name_730,731
Male,34,City_8,Name_731,732
Male,37,City_2,Name_732,733
Female,45,City_0,Name_733,734
Female,46,City_6,Name_734,735
Male,46,City_9,Name_735,736
Female,41,City_4,Name_736,737
Male,23,City_4,Name_737,738
Male,51,City_0,Name_738,739
Female,23,City_8,Name_739,740
Male,38,City_6,Name_740,741
Female,27,City_7,Name_741,742
Female,34,City_8,Name_742,743
Male,38,City_5,Name_743,744
Male,38,City_4,Name_744,745
Female,39,City_5,Name_745,746
Male,51,City_1,Name_746,747
Male,39,City_3,Name_747,748
Male,32,City_2,Name_748,749
Female,44,City_6,Name_749,750
Female,46,City_8,Name_750,751
Male,22,City_4,Name_751,752
Female,40,City_5,Name_752,753
Female,42,City_9,Name_753,754
Female,32,City_1,Name_754,755
Female,48,City_2,Name_755,756
Female,33,City_2,Name_756,757
Male,36,City_8,Name_757,758
Male,33,City_6,Name_758,759
Male,35,City_7,Name_759,760
Female,24,City_9,Name_760,761
Female,20,City_8,Name_761,762
Male,50,City_5,Name_762,763
Female,26,City_3,Name_763,764
Male,25,City_0,Name_764,765
Male,13,City_7,Name_765,766
Male,28,City_6,Name_766,767
Female,21,City_1,Name_767,768
Female,51,City_7,Name_768,769
Male,45,City_4,Name_769,770
Male,28,City_6,Name_770,771
Male,57,City_3,Name_771,772
Male,44,City_4,Name_772,773
Female,31,City_7,Name_773,774
Female,10,City_0,Name_774,775
Male,57,City_0,Name_775,776
Male,21,City_3,Name_776,777
Female,18,City_2,Name_777,778
Female,45,City_9,Name_778,779
Male,59,City_1,Name_779,780
Male,48,City_2,Name_780,781
Male,40,City_0,Name_781,782
Female,40,City_0,Name_782,783
Female,43,City_5,Name_783,784
Female,42,City_4,Name_784,785
Male,37,City_7,Name_785,786
Male,36,City_1,Name_786,787
Female,34,City_3,Name_787,788
Female,27,City_7,Name_788,789
Male,32,City_5,Name_789,790
Female,18,City_0,Name_790,791
Female,34,City_3,Name_791,792
Male,25,City_0,Name_792,793
Female,23,City_1,Name_793,794
Male,36,City_4,Name_794,795
Male,48,City_7,Name_795,796
Male,44,City_7,Name_796,797
Male,19,City_2,Name_797,798
Male,25,City_3,Name_798,799
Male,44,City_9,Name_799,800
Male,25,City_5,Name_800,801
Female,32,City_9,Name_801,802
Male,40,City_2,Name_802,803
Male,25,City_1,Name_803,804
Female,36,City_5,Name_804,805
Female,21,City_4,Name_805,806
Female,28,City_9,Name_806,807
Male,38,City_4,Name_807,808
Female,19,City_9,Name_808,809
Male,39,City_4,Name_809,810
Male,34,City_9,Name_810,811
Male,40,City_4,Name_811,812
Male,37,City_2,Name_812,813
Female,48,City_6,Name_813,814
Female,36,City_5,Name_814,815
Male,30,City_3,Name_815,816
Male,36,City_1,Name_816,817
Male,40,City_8,Name_817,818
Female,35,City_0,Name_818,819
Male,35,City_3,Name_819,820
Male,27,City_0,Name_820,821
Female,28,City_5,Name_821,822
Female,20,City_3,Name_822,823
Male,52,City_4,Name_823,824
Female,22,City_4,Name_824,825
Female,28,City_8,Name_825,826
Male,27,City_0,Name_826,827
Female,43,City_1,Name_827,828
Male,32,City_5,Name_828,829
Female,47,City_4,Name_829,830
Male,28,City_6,Name_830,831
Male,37,City_2,Name_831,832
Male,26,City_2,Name_832,833
Female,56,City_9,Name_833,834
Male,23,City_1,Name_834,835
Female,38,City_2,Name_835,836
Male,41,City_9,Name_836,837
Male,39,City_0,Name_837,838
Female,33,City_4,Name_838,839
Male,33,City_4,Name_839,840
Male,35,City_6,Name_840,841
Female,33,City_3,Name_841,842
Male,44,City_2,Name_842,843
Male,57,City_0,Name_843,844
Male,29,City_7,Name_844,845
Male,21,City_2,Name_845,846
Female,34,City_1,Name_846,847
Female,60,City_3,Name_847,848
Male,26,City_2,Name_848,849
Female,51,City_0,Name_849,850
Male,51,City_2,Name_850,851
Female,29,City_1,Name_851,852
Male,40,City_7,Name_852,853
Male,51,City_5,Name_853,854
Male,31,City_8,Name_854,855
Male,32,City_7,Name_855,856
Male,29,City_9,Name_856,857
Male,24,City_2,Name_857,858
Female,28,City_4,Name_858,859
Male,22,City_6,Name_859,860
Female,35,City_4,Name_860,861
Male,27,City_7,Name_861,862
Female,37,City_4,Name_862,863
Female,19,City_0,Name_863,864
Female,38,City_4,Name_864,865
Male,43,City_3,Name_865,866
Male,15,City_5,Name_866,867
Female,38,City_2,Name_867,868
Male,47,City_4,Name_868,869
Female,22,City_1,Name_869,870
Male,51,City_5,Name_870,871
Female,39,City_5,Name_871,872
Female,27,City_4,Name_872,873
Male,34,City_5,Name_873,874
Female,40,City_6,Name_874,875
Male,35,City_4,Name_875,876
Female,40,City_0,Name_876,877
Female,25,City_7,Name_877,878
Male,36,City_3,Name_878,879
Male,20,City_8,Name_879,880
Male,33,City_9,Name_880,881
Female,25,City_5,Name_881,882
Male,27,City_0,Name_882,883
Female,47,City_2,Name_883,884
Female,45,City_2,Name_884,885
Male,41,City_9,Name_885,886
Male,24,City_3,Name_886,887
Female,31,City_5,Name_887,888
Female,47,City_6,Name_888,889
Male,36,City_9,Name_889,890
Male,58,City_3,Name_890,891
Male,38,City_5,Name_891,892
Male,36,City_0,Name_892,893
Male,31,City_7,Name_893,894
Female,36,City_6,Name_894,895
Female,33,City_8,Name_895,896
Female,42,City_2,Name_896,897
Female,44,City_1,Name_897,898
Male,27,City_0,Name_898,899
Male,21,City_2,Name_899,900
Male,16,City_4,Name_900,901
Female,40,City_1,Name_901,902
Female,23,City_2,Name_902,903
Male,13,City_3,Name_903,904
Male,38,City_6,Name_904,905
Female,59,City_2,Name_905,906
Female,34,City_8,Name_906,907
Male,43,City_7,Name_907,908
Male,35,City_3,Name_908,909
Female,34,City_0,Name_909,910
Male,44,City_0,Name_910,911
Male,32,City_0,Name_911,912
Male,37,City_0,Name_912,913
Female,38,City_7,Name_913,914
Female,28,City_2,Name_914,915
Female,44,City_5,Name_915,916
Female,33,City_2,Name_916,917
Female,27,City_4,Name_917,918
Female,40,City_6,Name_918,919
Female,26,City_1,Name_919,920
Male,35,City_5,Name_920,921
Male,34,City_5,Name_921,922
Male,45,City_2,Name_922,923
Male,39,City_5,Name_923,924
Male,34,City_9,Name_924,925
Male,43,City_9,Name_925,926
Male,48,City_4,Name_926,927
Female,40,City_1,Name_927,928
Female,35,City_8,Name_928,929
Male,21,City_7,Name_929,930
Male,24,City_2,Name_930,931
Female,31,City_7,Name_931,932
Male,28,City_8,Name_932,933
Male,33,City_2,Name_933,934
Female,35,City_2,Name_934,935
Male,40,City_1,Name_935,936
Female,34,City_7,Name_936,937
Male,39,City_9,Name_937,938
Female,35,City_0,Name_938,939
Female,15,City_7,Name_939,940
Female,25,City_6,Name_940,941
Male,33,City_6,Name_941,942
Female,22,City_2,Name_942,943
Male,40,City_0,Name_943,944
Male,50,City_3,Name_944,945
Male,47,City_8,Name_945,946
Male,32,City_4,Name_946,947
Female,49,City_0,Name_947,948
Female,36,City_4,Name_948,949
Male,31,City_7,Name_949,950
Male,28,City_7,Name_950,951
Female,31,City_4,Name_951,952
Male,31,City_8,Name_952,953
Female,36,City_0,Name_953,954
Male,36,City_3,Name_954,955
Male,35,City_2,Name_955,956
Female,39,City_1,Name_956,957
Male,46,City_7,Name_957,958
Female,44,City_6,Name_958,959
Male,20,City_8,Name_959,960
Male,9,City_1,Name_960,961
Male,44,City_3,Name_961,962
Female,21,City_5,Name_962,963
Male,32,City_2,Name_963,964
Male,23,City_7,Name_964,965
Male,16,City_2,Name_965,966
Male,40,City_1,Name_966,967
Female,42,City_2,Name_967,968
Female,29,City_5,Name_968,969
Male,9,City_1,Name_969,970
Female,29,City_7,Name_970,971
Male,38,City_0,Name_971,972
Male,20,City_6,Name_972,973
Male,36,City_1,Name_973,974
Female,34,City_9,Name_974,975
Female,40,City_5,Name_975,976
Female,36,City_1,Name_976,977
Female,25,City_1,Name_977,978
Female,46,City_9,Name_978,979
Female,33,City_7,Name_979,980
Female,34,City_1,Name_980,981
Female,25,City_6,Name_981,982
Female,30,City_2,Name_982,983
Male,26,City_7,Name_983,984
Female,33,City_6,Name_984,985
Female,52,City_7,Name_985,986
Female,21,City_6,Name_986,987
Female,18,City_5,Name_987,988
Female,49,City_6,Name_988,989
Female,32,City_4,Name_989,990
Female,28,City_6,Name_990,991
Female,45,City_0,Name_991,992
Female,28,City_0,Name_992,993
Female,53,City_8,Name_993,994
Female,41,City_4,Name_994,995
Male,30,City_4,Name_995,996
Male,56,City_2,Name_996,997
Female,28,City_4,Name_997,998
Female,42,City_2,Name_998,999
Male,37,City_8,Name_999,1000
